,questions
0,To see or not to see the tallest building in the world - Is it worth it?
1,When is the best time to visit Burj Khalifa?
2,"At The Top, At The Top Sky, At.Mosphere and Armani - What are all my options?"
3,Queues at Burj Khalifa - How to skip them?
4,Why go for an Abu Dhabi day trip from Dubai?
5,Is there enough time in a day trip to experience Abu Dhabi?
6,What are the must-see attractions in Abu Dhabi?
7,Fancy extending your day trip to Abu Dhabi by a day?
8,Are there any other day trips that I can take from Dubai?
9,Which waterpark has the most thrilling rides?
10,Which water park is best if you're traveling with children?
11,Which water park offers more experiences than just rides and slides?
12,Which is the most pocket-friendly water park?
13,Which water park is the least crowded?
14,Which water park is the most accessible and easy to get to?
15,Which water park is the most picturesque?
16,What is the iVenture Card?
17,What is the Go Dubai Card?
18,What convenience factors do these cards bring?
19,What is the cost-benefit analysis of these cards?
20,What is the difference between the iVenture Card and Go Dubai Card?
21,Which Dubai City Pass should I go for?
22,What are some handy tips for using these passes?
23,Where can I go for a dhow cruise in Dubai?
24,What do the Dubai Creek and Marina cruises look like?
25,What is the best time to go for a dhow cruise in Dubai?
26,How much will a Dubai Dhow Cruise experience cost?
27,Are cruises with hotel transfers available?
28,Selecting the best dhow cruise in Dubai
29,Why are desert safaris in Dubai special?
30,What activities and experiences make up a Dubai desert safari?
31,How to pick the best desert safari in Dubai?
32,How to find discounted tickets for desert safari Dubai?
33,What do you need to know before your desert safari experience in Dubai?
34,Is skydiving in Dubai a popular experience?
35,What are my skydiving options in Dubai?
36,What are the different outdoor skydiving experiences I can enjoy in Dubai?
37,Is outdoor skydiving for everyone? What should I keep in mind before deciding my options?
38,Why go for an Indoor Skydiving experience In Dubai?
39,What makes indoor skydiving in Dubai perfect for newcomers to the sport?
40,How can I purchase indoor skydiving in Dubai tickets?
